<?xml version="1.0" encoding="UTF-8"?>
<mets:mets xmlns:mets="http://www.loc.gov/METS/">
  <mets:dmdSec ID="ie-dmd">
    <mets:mdWrap MDTYPE="DC">
      <mets:xmlData>
        <dc:record xmlns:dc="http://purl.org/dc/elements/1.1/" xmlns:dcterms="http://purl.org/dc/terms/" xmlns:xsi="http://www.w3.org/2001/XMLSchema-instance">
          <dc:title>METS ALTO Ready</dc:title>
          <dc:creator>New York Tribune</dc:creator>
          <dc:description>Vol. 26, no. 7,802 (Apr. 10, 1866)-v. 83, no. 28,247 (Mar. 18, 1924).</dc:description>
          <dc:description>Titanic</dc:description>
        </dc:record>
      </mets:xmlData>
    </mets:mdWrap>
  </mets:dmdSec>
  <mets:amdSec ID="REP44472-amd">
    <mets:techMD ID="REP44472-amd-tech">
      <mets:mdWrap MDTYPE="OTHER" OTHERMDTYPE="dnx">
        <mets:xmlData>
          <dnx xmlns="http://www.exlibrisgroup.com/dps/dnx">
            <section id="generalRepCharacteristics">
              <record>
                <key id="usageType">VIEW</key>
                <key id="preservationType">DERIVATIVE_COPY</key>
                <key id="RepresentationCode">HIGH</key>
              </record>
            </section>
          </dnx>
        </mets:xmlData>
      </mets:mdWrap>
    </mets:techMD>
  </mets:amdSec>
  <mets:amdSec ID="FL44474-amd">
    <mets:techMD ID="FL44474-amd-tech">
      <mets:mdWrap MDTYPE="OTHER" OTHERMDTYPE="dnx">
        <mets:xmlData>
          <dnx xmlns="http://www.exlibrisgroup.com/dps/dnx">
            <section id="generalFileCharacteristics">
              <record>
                <key id="label">seq-1.jpg</key>
                <key id="fileOriginalName">seq-1.jpg</key>
                <key id="fileOriginalID">/exlibris/dps/d4_1/profile/operational_shared/operational_export_directory/IE44463/import/seq-1.jpg</key>
              </record>
            </section>
          </dnx>
        </mets:xmlData>
      </mets:mdWrap>
    </mets:techMD>
  </mets:amdSec>
  <mets:amdSec ID="FL44473-amd">
    <mets:techMD ID="FL44473-amd-tech">
      <mets:mdWrap MDTYPE="OTHER" OTHERMDTYPE="dnx">
        <mets:xmlData>
          <dnx xmlns="http://www.exlibrisgroup.com/dps/dnx">
            <section id="generalFileCharacteristics">
              <record>
                <key id="label">seq-2.jpg</key>
                <key id="fileOriginalName">seq-2.jpg</key>
                <key id="fileOriginalID">/exlibris/dps/d4_1/profile/operational_shared/operational_export_directory/IE44463/import/seq-2.jpg</key>
              </record>
            </section>
          </dnx>
        </mets:xmlData>
      </mets:mdWrap>
    </mets:techMD>
  </mets:amdSec>
  <mets:amdSec ID="FL44475-amd">
    <mets:techMD ID="FL44475-amd-tech">
      <mets:mdWrap MDTYPE="OTHER" OTHERMDTYPE="dnx">
        <mets:xmlData>
          <dnx xmlns="http://www.exlibrisgroup.com/dps/dnx">
            <section id="generalFileCharacteristics">
              <record>
                <key id="label">seq-3.jpg</key>
                <key id="fileOriginalName">seq-3.jpg</key>
                <key id="fileOriginalID">/exlibris/dps/d4_1/profile/operational_shared/operational_export_directory/IE44463/import/seq-3.jpg</key>
              </record>
            </section>
          </dnx>
        </mets:xmlData>
      </mets:mdWrap>
    </mets:techMD>
  </mets:amdSec>
  <mets:amdSec ID="REP44468-amd">
    <mets:techMD ID="REP44468-amd-tech">
      <mets:mdWrap MDTYPE="OTHER" OTHERMDTYPE="dnx">
        <mets:xmlData>
          <dnx xmlns="http://www.exlibrisgroup.com/dps/dnx">
            <section id="generalRepCharacteristics">
              <record>
                <key id="usageType">VIEW</key>
                <key id="preservationType">MODIFIED_MASTER</key>
                <key id="RepresentationCode">"null"</key>
                <key id="representationEntityType">METS_ALTO_Alto</key>
              </record>
            </section>
          </dnx>
        </mets:xmlData>
      </mets:mdWrap>
    </mets:techMD>
  </mets:amdSec>
  <mets:amdSec ID="FL44471-amd">
    <mets:techMD ID="FL44471-amd-tech">
      <mets:mdWrap MDTYPE="OTHER" OTHERMDTYPE="dnx">
        <mets:xmlData>
          <dnx xmlns="http://www.exlibrisgroup.com/dps/dnx">
            <section id="generalFileCharacteristics">
              <record>
                <key id="label">seq-1.xml</key>
                <key id="fileOriginalName">seq-1.xml</key>
                <key id="fileOriginalID">/exlibris/dps/d4_1/profile/operational_shared/operational_export_directory/IE44463/import/seq-1.xml</key>
              </record>
            </section>
          </dnx>
        </mets:xmlData>
      </mets:mdWrap>
    </mets:techMD>
  </mets:amdSec>
  <mets:amdSec ID="FL44469-amd">
    <mets:techMD ID="FL44469-amd-tech">
      <mets:mdWrap MDTYPE="OTHER" OTHERMDTYPE="dnx">
        <mets:xmlData>
          <dnx xmlns="http://www.exlibrisgroup.com/dps/dnx">
            <section id="generalFileCharacteristics">
              <record>
                <key id="label">seq-2.xml</key>
                <key id="fileOriginalName">seq-2.xml</key>
                <key id="fileOriginalID">/exlibris/dps/d4_1/profile/operational_shared/operational_export_directory/IE44463/import/seq-2.xml</key>
              </record>
            </section>
          </dnx>
        </mets:xmlData>
      </mets:mdWrap>
    </mets:techMD>
  </mets:amdSec>
  <mets:amdSec ID="FL44470-amd">
    <mets:techMD ID="FL44470-amd-tech">
      <mets:mdWrap MDTYPE="OTHER" OTHERMDTYPE="dnx">
        <mets:xmlData>
          <dnx xmlns="http://www.exlibrisgroup.com/dps/dnx">
            <section id="generalFileCharacteristics">
              <record>
                <key id="label">seq-3.xml</key>
                <key id="fileOriginalName">seq-3.xml</key>
                <key id="fileOriginalID">/exlibris/dps/d4_1/profile/operational_shared/operational_export_directory/IE44463/import/seq-3.xml</key>
              </record>
            </section>
          </dnx>
        </mets:xmlData>
      </mets:mdWrap>
    </mets:techMD>
  </mets:amdSec>
  <mets:amdSec ID="REP44464-amd">
    <mets:techMD ID="REP44464-amd-tech">
      <mets:mdWrap MDTYPE="OTHER" OTHERMDTYPE="dnx">
        <mets:xmlData>
          <dnx xmlns="http://www.exlibrisgroup.com/dps/dnx">
            <section id="generalRepCharacteristics">
              <record>
                <key id="preservationType">PRESERVATION_MASTER</key>
                <key id="usageType">VIEW</key>
                <key id="representationEntityType">METS_ALTO_Images</key>
              </record>
            </section>
          </dnx>
        </mets:xmlData>
      </mets:mdWrap>
    </mets:techMD>
  </mets:amdSec>
  <mets:amdSec ID="FL44465-amd">
    <mets:techMD ID="FL44465-amd-tech">
      <mets:mdWrap MDTYPE="OTHER" OTHERMDTYPE="dnx">
        <mets:xmlData>
          <dnx xmlns="http://www.exlibrisgroup.com/dps/dnx">
            <section id="generalFileCharacteristics">
              <record>
                <key id="label">seq-3</key>
                <key id="fileOriginalName">seq-3.tif</key>
                <key id="fileOriginalID">/exlibris/dps/d4_1/profile/units/DTL01/deposit_area_1//6001-7000/dep_6174/deposit/content/streams/seq-3.tif</key>
              </record>
            </section>
          </dnx>
        </mets:xmlData>
      </mets:mdWrap>
    </mets:techMD>
  </mets:amdSec>
  <mets:amdSec ID="FL44467-amd">
    <mets:techMD ID="FL44467-amd-tech">
      <mets:mdWrap MDTYPE="OTHER" OTHERMDTYPE="dnx">
        <mets:xmlData>
          <dnx xmlns="http://www.exlibrisgroup.com/dps/dnx">
            <section id="generalFileCharacteristics">
              <record>
                <key id="label">seq-2</key>
                <key id="fileOriginalName">seq-2.tif</key>
                <key id="fileOriginalID">/exlibris/dps/d4_1/profile/units/DTL01/deposit_area_1//6001-7000/dep_6174/deposit/content/streams/seq-2.tif</key>
              </record>
            </section>
          </dnx>
        </mets:xmlData>
      </mets:mdWrap>
    </mets:techMD>
  </mets:amdSec>
  <mets:amdSec ID="FL44466-amd">
    <mets:techMD ID="FL44466-amd-tech">
      <mets:mdWrap MDTYPE="OTHER" OTHERMDTYPE="dnx">
        <mets:xmlData>
          <dnx xmlns="http://www.exlibrisgroup.com/dps/dnx">
            <section id="generalFileCharacteristics">
              <record>
                <key id="label">seq-1</key>
                <key id="fileOriginalName">seq-1.tif</key>
                <key id="fileOriginalID">/exlibris/dps/d4_1/profile/units/DTL01/deposit_area_1//6001-7000/dep_6174/deposit/content/streams/seq-1.tif</key>
              </record>
            </section>
          </dnx>
        </mets:xmlData>
      </mets:mdWrap>
    </mets:techMD>
  </mets:amdSec>
  <mets:amdSec ID="ie-amd">
    <mets:techMD ID="ie-amd-tech">
      <mets:mdWrap MDTYPE="OTHER" OTHERMDTYPE="dnx">
        <mets:xmlData>
          <dnx xmlns="http://www.exlibrisgroup.com/dps/dnx">
            <section id="generalIECharacteristics">
              <record>
                <key id="status">ACTIVE</key>
                <key id="IEEntityType">Book</key>
              </record>
            </section>
          </dnx>
        </mets:xmlData>
      </mets:mdWrap>
    </mets:techMD>
    <mets:rightsMD ID="ie-amd-rights">
      <mets:mdWrap MDTYPE="OTHER" OTHERMDTYPE="dnx">
        <mets:xmlData>
          <dnx xmlns="http://www.exlibrisgroup.com/dps/dnx">
            <section id="accessRightsPolicy">
              <record>
                <key id="policyId">AR_EVERYONE</key>
                <key id="policyDescription">No restrictions</key>
              </record>
            </section>
          </dnx>
        </mets:xmlData>
      </mets:mdWrap>
    </mets:rightsMD>
  </mets:amdSec>
  <mets:fileSec>
    <mets:fileGrp ID="REP44472" ADMID="REP44472-amd">
      <mets:file ID="FL44474" ADMID="FL44474-amd">
        <mets:FLocat LOCTYPE="URL" xlin:href="seq-1.jpg" xmlns:xlin="http://www.w3.org/1999/xlink"/>
      </mets:file>
      <mets:file ID="FL44473" ADMID="FL44473-amd">
        <mets:FLocat LOCTYPE="URL" xlin:href="seq-2.jpg" xmlns:xlin="http://www.w3.org/1999/xlink"/>
      </mets:file>
      <mets:file ID="FL44475" ADMID="FL44475-amd">
        <mets:FLocat LOCTYPE="URL" xlin:href="seq-3.jpg" xmlns:xlin="http://www.w3.org/1999/xlink"/>
      </mets:file>
    </mets:fileGrp>
    <mets:fileGrp ID="REP44468" ADMID="REP44468-amd">
      <mets:file ID="FL44471" ADMID="FL44471-amd">
        <mets:FLocat LOCTYPE="URL" xlin:href="seq-1.xml" xmlns:xlin="http://www.w3.org/1999/xlink"/>
      </mets:file>
      <mets:file ID="FL44469" ADMID="FL44469-amd">
        <mets:FLocat LOCTYPE="URL" xlin:href="seq-2.xml" xmlns:xlin="http://www.w3.org/1999/xlink"/>
      </mets:file>
      <mets:file ID="FL44470" ADMID="FL44470-amd">
        <mets:FLocat LOCTYPE="URL" xlin:href="seq-3.xml" xmlns:xlin="http://www.w3.org/1999/xlink"/>
      </mets:file>
    </mets:fileGrp>
    <mets:fileGrp ID="REP44464" ADMID="REP44464-amd">
      <mets:file ID="FL44466" ADMID="FL44466-amd">
        <mets:FLocat LOCTYPE="URL" xlin:href="seq-1.tif" xmlns:xlin="http://www.w3.org/1999/xlink"/>
      </mets:file>
      <mets:file ID="FL44467" ADMID="FL44467-amd">
        <mets:FLocat LOCTYPE="URL" xlin:href="seq-2.tif" xmlns:xlin="http://www.w3.org/1999/xlink"/>
      </mets:file>
      <mets:file ID="FL44465" ADMID="FL44465-amd">
        <mets:FLocat LOCTYPE="URL" xlin:href="seq-3.tif" xmlns:xlin="http://www.w3.org/1999/xlink"/>
      </mets:file>
    </mets:fileGrp>
  </mets:fileSec>
</mets:mets>